user_id,ground_truth,prediction,reason
307,300,2732,"Based on the user's historical stays, the user has visited place ID 2732 multiple times on different days and at different times. Additionally, in the context stays, the user visited place ID 1902 recently. Considering the temporal information of the target stay (10:08 AM on a Tuesday), it is likely that the user will visit place ID 2732 again, as it has been a frequent location for the user."
307,1902,2732,"Based on the user's historical stays, the user has visited place ID 2732 multiple times on different days and at different times. Additionally, in the context stays, the user visited place ID 2732 on Tuesday at 10:08 AM. Considering the temporal information of the target stay (Tuesday at 06:36 PM), it is likely that the user will visit place ID 2732 again during the evening on Tuesday."
307,1902,660,"Based on the user's historical stays, they have frequently visited place ID 660 during weekdays in the morning. Additionally, in the context stays, the user visited place ID 660 on Monday and Tuesday. Therefore, it is likely that the next place ID for the target stay on Wednesday morning is 660."
307,300,300,"Based on the user's historical stays, the user has visited place ID 300 multiple times on Tuesday and Wednesday mornings. Additionally, the most recent stay in the context is at place ID 1902 on Wednesday morning. Therefore, it is likely that the next place ID for the target stay on Wednesday morning is 300."
307,660,660,"Based on the user's historical stays, they have frequently visited place ID 660 during weekdays in the morning. Additionally, in the context stays, the user has visited place ID 660 on Tuesday at 10:08 AM. Therefore, it is likely that the user's next place ID is 660 during Wednesday at 09:13 AM."
307,300,1125,"Based on the user's historical stays, they have visited place ID 1125 multiple times on Thursday. Additionally, in the context stays, the user visited place ID 1125 on Thursday at 06:47 PM. Therefore, it is likely that the user's next place ID is 1125 on Thursday at 06:11 PM."
307,660,660,"Based on the user's historical stays, they have frequently visited place ID 660 during weekdays in the morning. Additionally, in the context stays, the user visited place ID 660 on Wednesday morning. Therefore, it is likely that the user's next place ID is 660 on Friday morning."
307,1902,2732,"Based on the user's historical stays, the user has frequently visited place ID 2732 during weekday mornings. Additionally, in the context stays, the user visited place ID 2732 on Friday at 10:04 AM. Considering the temporal information of the target stay (Tuesday at 8:28 AM), it is likely that the user will visit place ID 2732 again during weekday mornings."
307,660,660,"Based on the user's historical stays, they have frequently visited place ID 660 on Fridays at around 9:00 AM. Additionally, the most recent stay in the context is also at place ID 660 on a Friday. Therefore, it is likely that the next place ID is 660."
